{
    "ARG": {
        "ARG_roberto_maria_ortiz": {
            "id": "ARG_roberto_maria_ortiz",
            "prerequisite": "ARG_roberto_maria_ortiz",
            "cost": "10",
            "mutually_exclusive": "ARG_work_with_the_nationalists"
        },
        "ARG_work_with_the_nationalists": {
            "id": "ARG_work_with_the_nationalists",
            "prerequisite": [
                "ARG_defense_and_democracy",
                "ARG_work_with_the_nationalists"
            ],
            "cost": "10",
            "mutually_exclusive": "ARG_defense_and_democracy"
        },
        "ARG_british_cooperation": {
            "id": "ARG_british_cooperation",
            "prerequisite": "ARG_defense_and_democracy",
            "cost": "10",
            "mutually_exclusive": "None"
        },
        "ARG_cut_ties_with_britain": {
            "id": "ARG_cut_ties_with_britain",
            "prerequisite": "ARG_work_with_the_nationalists",
            "cost": "10",
            "mutually_exclusive": "None"
        },
        "ARG_the_castillo_cabinet": {
            "id": "ARG_the_castillo_cabinet",
            "prerequisite": "ARG_british_cooperation",
            "cost": "10",
            "mutually_exclusive": "None"
        },
        "ARG_emphasis_on_public_works": {
            "id": "ARG_emphasis_on_public_works",
            "prerequisite": "ARG_import_substitution",
            "cost": "5",
            "mutually_exclusive": "None"
        },
        "ARG_towards_a_greater_argentina": {
            "id": "ARG_towards_a_greater_argentina",
            "prerequisite": "ARG_emphasis_on_public_works",
            "cost": "10",
            "mutually_exclusive": "None"
        },
        "ARG_universidad_de_buenos_aires": {
            "id": "ARG_universidad_de_buenos_aires",
            "prerequisite": "ARG_towards_a_greater_argentina",
            "cost": "10",
            "mutually_exclusive": "None"
        },
        "ARG_consolidating_power": {
            "id": "ARG_consolidating_power",
            "prerequisite": "ARG_the_castillo_cabinet",
            "mutually_exclusive": "ARG_maintain_the_status_quo",
            "cost": "10"
        },
        "ARG_maintain_the_status_quo": {
            "id": "ARG_maintain_the_status_quo",
            "prerequisite": "ARG_the_castillo_cabinet",
            "mutually_exclusive": "ARG_consolidating_power",
            "cost": "5"
        },
        "ARG_march_to_la_casa_rosada": {
            "id": "ARG_march_to_la_casa_rosada",
            "prerequisite": "ARG_maintain_the_status_quo",
            "cost": "10",
            "mutually_exclusive": "None"
        },
        "ARG_balancing_act": {
            "id": "ARG_balancing_act",
            "prerequisite": "ARG_march_to_la_casa_rosada",
            "cost": "10",
            "mutually_exclusive": "None"
        },
        "ARG_subdue_dissension": {
            "id": "ARG_subdue_dissension",
            "prerequisite": "ARG_intervenciones_federales",
            "cost": "5",
            "mutually_exclusive": "None"
        },
        "ARG_the_american_push": {
            "id": "ARG_the_american_push",
            "prerequisite": [
                "ARG_balancing_act",
                "ARG_subdue_dissension"
            ],
            "cost": "5",
            "mutually_exclusive": "None"
        },
        "ARG_juan_peron_elected": {
            "id": "ARG_juan_peron_elected",
            "prerequisite": "ARG_balancing_act",
            "cost": "10",
            "mutually_exclusive": "None"
        },
        "ARG_peronism": {
            "id": "ARG_peronism",
            "prerequisite": "ARG_juan_peron_elected",
            "cost": "5",
            "mutually_exclusive": "None"
        },
        "ARG_maintain_neutrality": {
            "id": "ARG_maintain_neutrality",
            "prerequisite": "ARG_the_american_push",
            "mutually_exclusive": "ARG_join_the_allies",
            "cost": "10"
        },
        "ARG_support_radical_nationalism": {
            "id": "ARG_support_radical_nationalism",
            "prerequisite": "ARG_cut_ties_with_britain",
            "cost": "5",
            "mutually_exclusive": "None"
        },
        "ARG_corporatism": {
            "id": "ARG_corporatism",
            "prerequisite": "ARG_cut_ties_with_britain",
            "cost": "5",
            "mutually_exclusive": "None"
        },
        "ARG_reestablish_ligas_patrioticas": {
            "id": "ARG_reestablish_ligas_patrioticas",
            "prerequisite": "ARG_corporatism",
            "cost": "10",
            "mutually_exclusive": "None"
        },
        "ARG_fascist_researchers": {
            "id": "ARG_fascist_researchers",
            "prerequisite": "ARG_reestablish_ligas_patrioticas",
            "cost": "10",
            "mutually_exclusive": "None"
        },
        "ARG_hitler_1": {
            "id": "ARG_hitler_1",
            "prerequisite": "ARG_reestablish_ligas_patrioticas",
            "cost": "5",
            "mutually_exclusive": "None"
        },
        "ARG_hitler_2": {
            "id": "ARG_hitler_2",
            "prerequisite": "ARG_hitler_1",
            "cost": "10",
            "mutually_exclusive": "None"
        },
        "ARG_hitler_3": {
            "id": "ARG_hitler_3",
            "prerequisite": "ARG_hitler_1",
            "cost": "10",
            "mutually_exclusive": "None"
        },
        "ARG_hitler_4": {
            "id": "ARG_hitler_4",
            "prerequisite": "ARG_hitler_1",
            "cost": "5",
            "mutually_exclusive": "None"
        },
        "ARG_support_the_spanish_coup": {
            "id": "ARG_support_the_spanish_coup",
            "prerequisite": "ARG_cut_ties_with_britain",
            "cost": "5",
            "mutually_exclusive": "None"
        },
        "ARG_demand_spanish_compensation": {
            "id": "ARG_demand_spanish_compensation",
            "prerequisite": "ARG_support_the_spanish_coup",
            "cost": "10",
            "mutually_exclusive": "None"
        },
        "ARG_invite_spanish_nationalists": {
            "id": "ARG_invite_spanish_nationalists",
            "prerequisite": "ARG_support_the_spanish_coup",
            "cost": "5",
            "mutually_exclusive": "None"
        },
        "ARG_encourage_german_investments": {
            "id": "ARG_encourage_german_investments",
            "prerequisite": "ARG_support_radical_nationalism",
            "cost": "10",
            "mutually_exclusive": "None"
        },
        "ARG_encourage_italian_argentine_diplomacy": {
            "id": "ARG_encourage_italian_argentine_diplomacy",
            "prerequisite": "ARG_support_radical_nationalism",
            "cost": "10",
            "mutually_exclusive": "None"
        },
        "ARG_guardia_nacional": {
            "id": "ARG_guardia_nacional",
            "prerequisite": "ARG_encourage_german_investments",
            "mutually_exclusive": "ARG_union_nacional_fascista",
            "cost": "10"
        },
        "ARG_union_nacional_fascista": {
            "id": "ARG_union_nacional_fascista",
            "prerequisite": "ARG_encourage_italian_argentine_diplomacy",
            "mutually_exclusive": "ARG_guardia_nacional",
            "cost": "10"
        },
        "ARG_rapid_militirization": {
            "id": "ARG_rapid_militirization",
            "prerequisite": "ARG_guardia_nacional",
            "cost": "10",
            "mutually_exclusive": "None"
        },
        "ARG_argentine_nationalism": {
            "id": "ARG_argentine_nationalism",
            "prerequisite": "ARG_union_nacional_fascista",
            "cost": "10",
            "mutually_exclusive": "None"
        },
        "ARG_war_division": {
            "id": "ARG_war_division",
            "prerequisite": [
                "ARG_rapid_militirization",
                "ARG_argentine_nationalism"
            ],
            "cost": "5",
            "mutually_exclusive": "None"
        },
        "ARG_argentina_first": {
            "id": "ARG_argentina_first",
            "prerequisite": "ARG_war_division",
            "mutually_exclusive": "ARG_join_the_axis",
            "cost": "10"
        },
        "ARG_join_the_axis": {
            "id": "ARG_join_the_axis",
            "prerequisite": "ARG_war_division",
            "mutually_exclusive": "ARG_argentina_first",
            "cost": "10"
        },
        "ARG_our_own_path": {
            "id": "ARG_our_own_path",
            "prerequisite": [
                "ARG_maintain_neutrality",
                "ARG_argentina_first"
            ],
            "cost": "10",
            "mutually_exclusive": "None"
        },
        "ARG_dominate_the_south": {
            "id": "ARG_dominate_the_south",
            "prerequisite": [
                "ARG_argentina_first",
                "ARG_join_the_axis",
                "ARG_maintain_neutrality"
            ],
            "mutually_exclusive": "ARG_align_with_the_monroe_doctrine",
            "cost": "10"
        },
        "ARG_preparations_for_war": {
            "id": "ARG_preparations_for_war",
            "prerequisite": "ARG_dominate_the_south",
            "cost": "5",
            "mutually_exclusive": "None"
        },
        "ARG_conquer_paraguay": {
            "id": "ARG_conquer_paraguay",
            "prerequisite": "ARG_dominate_the_south",
            "mutually_exclusive": "ARG_conquer_paraguay",
            "cost": "10"
        },
        "ARG_revive_the_colonial_plan": {
            "id": "ARG_revive_the_colonial_plan",
            "prerequisite": "ARG_cut_ties_with_britain",
            "mutually_exclusive": "ARG_conquer_uruguay",
            "cost": "10"
        },
        "ARG_conquer_uruguay": {
            "id": "ARG_conquer_uruguay",
            "prerequisite": [
                "ARG_conquer_paraguay",
                "ARG_paraguayan_ultimatum"
            ],
            "mutually_exclusive": "ARG_chilean_ultimatum",
            "cost": "10"
        },
        "ARG_chilean_ultimatum": {
            "id": "ARG_chilean_ultimatum",
            "prerequisite": [
                "ARG_conquer_paraguay",
                "ARG_paraguayan_ultimatum"
            ],
            "mutually_exclusive": "ARG_reach_out_to_chile",
            "cost": "10"
        },
        "ARG_the_old_enemy": {
            "id": "ARG_the_old_enemy",
            "prerequisite": [
                "ARG_reach_out_to_chile",
                "ARG_chilean_ultimatum"
            ],
            "cost": "10",
            "mutually_exclusive": "None"
        },
        "ARG_south_american_unity": {
            "id": "ARG_south_american_unity",
            "prerequisite": "ARG_the_old_enemy",
            "cost": "5",
            "mutually_exclusive": "None"
        },
        "ARG_integrate_operation_bolivar": {
            "id": "ARG_integrate_operation_bolivar",
            "prerequisite": "ARG_dominate_the_south",
            "cost": "5",
            "mutually_exclusive": "None"
        },
        "ARG_release_hellmuth": {
            "id": "ARG_release_hellmuth",
            "prerequisite": "ARG_release_hellmuth",
            "cost": "5",
            "mutually_exclusive": "None"
        },
        "ARG_the_war_machine": {
            "id": "ARG_the_war_machine",
            "prerequisite": "ARG_the_war_machine",
            "cost": "5",
            "mutually_exclusive": "None"
        },
        "ARG_argentine_island_sovereignty": {
            "id": "ARG_argentine_island_sovereignty",
            "prerequisite": "ARG_secure_the_borders",
            "cost": "10",
            "mutually_exclusive": "None"
        },
        "ARG_the_clean_election": {
            "id": "ARG_the_clean_election",
            "prerequisite": "ARG_preparation_for_the_elections",
            "cost": "10",
            "mutually_exclusive": [
                "ARG_roberto_maria_ortiz",
                "ARG_a_call_to_reform",
                "ARG_com"
            ]
        },
        "ARG_in_memory_of_yrigoyen": {
            "id": "ARG_in_memory_of_yrigoyen",
            "prerequisite": "ARG_the_clean_election",
            "cost": "10",
            "mutually_exclusive": "None"
        },
        "ARG_anti_corruption_policies": {
            "id": "ARG_anti_corruption_policies",
            "prerequisite": "ARG_in_memory_of_yrigoyen",
            "cost": "10",
            "mutually_exclusive": "None"
        },
        "ARG_promote_urbanization": {
            "id": "ARG_promote_urbanization",
            "prerequisite": "ARG_in_memory_of_yrigoyen",
            "cost": "10",
            "mutually_exclusive": "None"
        },
        "ARG_a_true_democracy": {
            "id": "ARG_a_true_democracy",
            "prerequisite": "ARG_anti_corruption_policies",
            "cost": "10",
            "mutually_exclusive": "None"
        },
        "ARG_secure_the_opposition": {
            "id": "ARG_secure_the_opposition",
            "prerequisite": "ARG_promote_urbanization",
            "cost": "5",
            "mutually_exclusive": "None"
        },
        "ARG_argentina_for_all": {
            "id": "ARG_argentina_for_all",
            "prerequisite": [
                "ARG_a_true_democracy",
                "ARG_secure_the_opposition"
            ],
            "cost": "10",
            "mutually_exclusive": "None"
        },
        "ARG_reinforce_the_education_system": {
            "id": "ARG_reinforce_the_education_system",
            "prerequisite": "ARG_anti_corruption_policies",
            "cost": "10",
            "mutually_exclusive": "None"
        },
        "ARG_university_reforms": {
            "id": "ARG_university_reforms",
            "prerequisite": "ARG_reinforce_the_education_system",
            "cost": "10",
            "mutually_exclusive": "None"
        },
        "ARG_regulated_national_salaries": {
            "id": "ARG_regulated_national_salaries",
            "prerequisite": "ARG_promote_urbanization",
            "cost": "10",
            "mutually_exclusive": "None"
        },
        "ARG_social_welfare_fund": {
            "id": "ARG_social_welfare_fund",
            "prerequisite": "ARG_regulated_national_salaries",
            "cost": "10",
            "mutually_exclusive": "None"
        },
        "ARG_internal_focus": {
            "id": "ARG_internal_focus",
            "prerequisite": "ARG_argentina_for_all",
            "mutually_exclusive": [
                "ARG_seek_american_support",
                "ARG_british_gaurantee"
            ],
            "cost": "5"
        },
        "ARG_alvears_democracy": {
            "id": "ARG_alvears_democracy",
            "prerequisite": "ARG_internal_focus",
            "cost": "5",
            "mutually_exclusive": "None"
        },
        "ARG_british_gaurantee": {
            "id": "ARG_british_gaurantee",
            "prerequisite": "ARG_argentina_for_all",
            "mutually_exclusive": [
                "ARG_seek_american_support",
                "ARG_internal_focus"
            ],
            "cost": "5"
        },
        "ARG_seek_american_support": {
            "id": "ARG_seek_american_support",
            "prerequisite": "ARG_argentina_for_all",
            "mutually_exclusive": [
                "ARG_british_gaurantee",
                "ARG_internal_focus"
            ],
            "cost": "5"
        },
        "ARG_royal_airforce_influence": {
            "id": "ARG_royal_airforce_influence",
            "prerequisite": "ARG_british_gaurantee",
            "mutually_exclusive": "ARG_royal_navy_influence",
            "cost": "5"
        },
        "ARG_royal_navy_influence": {
            "id": "ARG_royal_navy_influence",
            "prerequisite": "ARG_british_gaurantee",
            "mutually_exclusive": "ARG_royal_airforce_influence",
            "cost": "5"
        },
        "ARG_reinforced_alliance": {
            "id": "ARG_reinforced_alliance",
            "prerequisite": [
                "ARG_royal_navy_influence",
                "ARG_royal_airforce_influence"
            ],
            "cost": "10",
            "mutually_exclusive": "None"
        },
        "ARG_us_army_training": {
            "id": "ARG_us_army_training",
            "prerequisite": "ARG_seek_american_support",
            "mutually_exclusive": "ARG_american_defense_investments",
            "cost": "10"
        },
        "ARG_american_defense_investments": {
            "id": "ARG_american_defense_investments",
            "prerequisite": "ARG_seek_american_support",
            "mutually_exclusive": "ARG_us_army_training",
            "cost": "10"
        },
        "ARG_joint_military_exercises": {
            "id": "ARG_joint_military_exercises",
            "prerequisite": [
                "ARG_us_army_training",
                "ARG_american_defense_investments"
            ],
            "cost": "10",
            "mutually_exclusive": "None"
        },
        "ARG_join_the_allies": {
            "id": "ARG_join_the_allies",
            "prerequisite": [
                "ARG_joint_military_exercises",
                "ARG_reinforced_alliance",
                "ARG_alvears_democracy",
                "ARG_the_american_push"
            ],
            "mutually_exclusive": [
                "ARG_bastion_of_democracy",
                "ARG_maintain_neutrality"
            ],
            "cost": "10"
        },
        "ARG_bastion_of_democracy": {
            "id": "ARG_bastion_of_democracy",
            "prerequisite": [
                "ARG_joint_military_exercises",
                "ARG_reinforced_alliance",
                "ARG_alvears_democracy"
            ],
            "mutually_exclusive": "ARG_join_the_allies",
            "cost": "10"
        },
        "ARG_align_with_the_monroe_doctrine": {
            "id": "ARG_align_with_the_monroe_doctrine",
            "prerequisite": [
                "ARG_join_the_allies",
                "ARG_bastion_of_democracy"
            ],
            "mutually_exclusive": "ARG_dominate_the_south",
            "cost": "5"
        },
        "ARG_south_american_alliance": {
            "id": "ARG_south_american_alliance",
            "prerequisite": "ARG_align_with_the_monroe_doctrine",
            "cost": "10",
            "mutually_exclusive": "None"
        },
        "ARG_bolstering_the_army": {
            "id": "ARG_bolstering_the_army",
            "prerequisite": "ARG_south_american_alliance",
            "cost": "5",
            "mutually_exclusive": "None"
        },
        "ARG_the_second_argentine_republic": {
            "id": "ARG_the_second_argentine_republic",
            "prerequisite": "ARG_bolstering_the_army",
            "cost": "5",
            "mutually_exclusive": "None"
        },
        "ARG_envoy_to_london": {
            "id": "ARG_envoy_to_london",
            "prerequisite": "ARG_align_with_the_monroe_doctrine",
            "cost": "10",
            "mutually_exclusive": "None"
        },
        "ARG_study_the_battle_of_the_river_plate": {
            "id": "ARG_study_the_battle_of_the_river_plate",
            "prerequisite": "ARG_envoy_to_london",
            "cost": "5",
            "mutually_exclusive": "None"
        },
        "ARG_islas_del_atlantico_sur": {
            "id": "ARG_islas_del_atlantico_sur",
            "prerequisite": "ARG_envoy_to_london",
            "cost": "10",
            "mutually_exclusive": "None"
        },
        "ARG_improving_the_islands": {
            "id": "ARG_improving_the_islands",
            "prerequisite": "ARG_islas_del_atlantico_sur",
            "cost": "10",
            "mutually_exclusive": "None"
        },
        "ARG_firmes_volamos": {
            "id": "ARG_firmes_volamos",
            "prerequisite": "ARG_study_the_battle_of_the_river_plate",
            "cost": "10",
            "mutually_exclusive": "None"
        },
        "ARG_extinguish_south_american_fascism": {
            "id": "ARG_extinguish_south_american_fascism",
            "prerequisite": [
                "ARG_firmes_volamos",
                "ARG_the_second_argentine_republic"
            ],
            "cost": "10",
            "mutually_exclusive": "None"
        },
        "ARG_american_allyship": {
            "id": "ARG_american_allyship",
            "prerequisite": "ARG_align_with_the_monroe_doctrine",
            "cost": "10",
            "mutually_exclusive": "None"
        },
        "ARG_us_marine_program": {
            "id": "ARG_us_marine_program",
            "prerequisite": "ARG_american_allyship",
            "cost": "5",
            "mutually_exclusive": "None"
        },
        "ARG_counter_intelligence_program": {
            "id": "ARG_counter_intelligence_program",
            "prerequisite": "ARG_american_allyship",
            "cost": "5",
            "mutually_exclusive": "None"
        },
        "ARG_end_operation_bolivar": {
            "id": "ARG_end_operation_bolivar",
            "prerequisite": "ARG_counter_intelligence_program",
            "cost": "5",
            "mutually_exclusive": "None"
        },
        "ARG_encourage_the_red_scare": {
            "id": "ARG_encourage_the_red_scare",
            "prerequisite": "ARG_us_marine_program",
            "cost": "10",
            "mutually_exclusive": "None"
        },
        "ARG_extinguish_south_american_communism": {
            "id": "ARG_extinguish_south_american_communism",
            "prerequisite": [
                "ARG_encourage_the_red_scare",
                "ARG_the_second_argentine_republic"
            ],
            "cost": "10",
            "mutually_exclusive": "None"
        },
        "ARG_a_call_to_reform": {
            "id": "ARG_a_call_to_reform",
            "prerequisite": "ARG_preparation_for_the_elections",
            "cost": "10",
            "mutually_exclusive": [
                "ARG_roberto_maria_ortiz",
                "ARG_the_clean_election"
            ]
        },
        "ARG_invite_ghioldi_back_to_argentina": {
            "id": "ARG_invite_ghioldi_back_to_argentina",
            "prerequisite": "ARG_a_call_to_reform",
            "cost": "5",
            "mutually_exclusive": "None"
        },
        "ARG_support_the_spanish_republicans": {
            "id": "ARG_support_the_spanish_republicans",
            "prerequisite": "ARG_a_call_to_reform",
            "cost": "5",
            "mutually_exclusive": "None"
        },
        "ARG_legitimize_the_PCA": {
            "id": "ARG_legitimize_the_PCA",
            "prerequisite": "ARG_invite_ghioldi_back_to_argentina",
            "cost": "10",
            "mutually_exclusive": "None"
        },
        "ARG_reach_out_to_the_soviet_union": {
            "id": "ARG_reach_out_to_the_soviet_union",
            "prerequisite": "ARG_legitimize_the_PCA",
            "cost": "5",
            "mutually_exclusive": "None"
        },
        "ARG_unite_the_workers_of_argentina": {
            "id": "ARG_unite_the_workers_of_argentina",
            "prerequisite": "ARG_legitimize_the_PCA",
            "cost": "5",
            "mutually_exclusive": "None"
        },
        "ARG_viva_la_revolucion": {
            "id": "ARG_viva_la_revolucion",
            "prerequisite": [
                "ARG_reach_out_to_the_soviet_union",
                "ARG_unite_the_workers_of_argentina"
            ],
            "cost": "10",
            "mutually_exclusive": "None"
        },
        "ARG_forge_our_own_future": {
            "id": "ARG_forge_our_own_future",
            "prerequisite": "ARG_forge_our_own_future",
            "mutually_exclusive": "ARG_align_with_the_soviets",
            "cost": "10"
        },
        "ARG_support_the_farmers": {
            "id": "ARG_support_the_farmers",
            "prerequisite": "ARG_women_in_industry",
            "cost": "5",
            "mutually_exclusive": "None"
        },
        "ARG_socialist_volunteers": {
            "id": "ARG_socialist_volunteers",
            "prerequisite": "ARG_women_in_industry",
            "cost": "5",
            "mutually_exclusive": "None"
        },
        "ARG_the_buenos_aires_conference": {
            "id": "ARG_the_buenos_aires_conference",
            "prerequisite": [
                "ARG_support_the_farmers",
                "ARG_socialist_volunteers"
            ],
            "cost": "5",
            "mutually_exclusive": "None"
        },
        "ARG_align_with_the_soviets": {
            "id": "ARG_align_with_the_soviets",
            "prerequisite": "ARG_viva_la_revolucion",
            "mutually_exclusive": "ARG_forge_our_own_future",
            "cost": "10"
        },
        "ARG_soviet_industrial_model": {
            "id": "ARG_soviet_industrial_model",
            "prerequisite": "ARG_align_with_the_soviets",
            "cost": "5",
            "mutually_exclusive": "None"
        },
        "ARG_committee_of_state_security": {
            "id": "ARG_committee_of_state_security",
            "prerequisite": "ARG_soviet_industrial_model",
            "cost": "10",
            "mutually_exclusive": "None"
        },
        "ARG_russian_manufacturers": {
            "id": "ARG_russian_manufacturers",
            "prerequisite": "ARG_soviet_industrial_model",
            "cost": "10",
            "mutually_exclusive": "None"
        },
        "ARG_centralize_power": {
            "id": "ARG_centralize_power",
            "prerequisite": [
                "ARG_russian_manufacturers",
                "ARG_committee_of_state_security"
            ],
            "cost": "10",
            "mutually_exclusive": "None"
        },
        "ARG_workers_rights": {
            "id": "ARG_workers_rights",
            "prerequisite": [
                "ARG_forge_our_own_future",
                "ARG_align_with_the_soviets"
            ],
            "cost": "10",
            "mutually_exclusive": "None"
        },
        "ARG_reform_our_industry": {
            "id": "ARG_reform_our_industry",
            "prerequisite": "ARG_workers_rights",
            "cost": "10",
            "mutually_exclusive": "None"
        },
        "ARG_empower_the_fjc": {
            "id": "ARG_empower_the_fjc",
            "prerequisite": "ARG_reform_our_industry",
            "cost": "5",
            "mutually_exclusive": "None"
        },
        "ARG_state_atheism": {
            "id": "ARG_state_atheism",
            "prerequisite": "ARG_empower_the_fjc",
            "mutually_exclusive": "ARG_liberation_theology",
            "cost": "5"
        },
        "ARG_liberation_theology": {
            "id": "ARG_liberation_theology",
            "prerequisite": "ARG_empower_the_fjc",
            "mutually_exclusive": "ARG_state_atheism",
            "cost": "5"
        },
        "ARG_socialist_researchers": {
            "id": "ARG_socialist_researchers",
            "prerequisite": [
                "ARG_state_atheism",
                "ARG_liberation_theology"
            ],
            "cost": "10",
            "mutually_exclusive": "None"
        },
        "ARG_conquer_south_america": {
            "id": "ARG_conquer_south_america",
            "prerequisite": [
                "ARG_centralize_power",
                "ARG_the_buenos_aires_conference"
            ],
            "mutually_exclusive": "ARG_unify_south_america",
            "cost": "10"
        },
        "ARG_integrate_the_motherland": {
            "id": "ARG_integrate_the_motherland",
            "prerequisite": "ARG_conquer_south_america",
            "cost": "10",
            "mutually_exclusive": "None"
        },
        "ARG_unify_south_america": {
            "id": "ARG_unify_south_america",
            "prerequisite": "ARG_the_buenos_aires_conference",
            "mutually_exclusive": "ARG_conquer_south_america",
            "cost": "10"
        },
        "ARG_a_red_south_america": {
            "id": "ARG_a_red_south_america",
            "prerequisite": [
                "ARG_unify_south_america",
                "ARG_conquer_south_america"
            ],
            "cost": "10",
            "mutually_exclusive": "None"
        },
        "ARG_improve_patagonia": {
            "id": "ARG_improve_patagonia",
            "prerequisite": "ARG_the_buenos_aires_conference",
            "cost": "10",
            "mutually_exclusive": "None"
        },
        "ARG_establish_the_free_association": {
            "id": "ARG_establish_the_free_association",
            "prerequisite": "ARG_improve_patagonia",
            "cost": "5",
            "mutually_exclusive": "None"
        },
        "ARG_no_gods_no_masters": {
            "id": "ARG_no_gods_no_masters",
            "prerequisite": "ARG_establish_the_free_association",
            "cost": "10",
            "mutually_exclusive": "None"
        },
        "ARG_banco_central_de_la_republica_argentina": {
            "id": "ARG_banco_central_de_la_republica_argentina",
            "prerequisite": "",
            "cost": "10",
            "mutually_exclusive": "None"
        },
        "ARG_reach_out_to_the_great_powers": {
            "id": "ARG_reach_out_to_the_great_powers",
            "prerequisite": "ARG_banco_central_de_la_republica_argentina",
            "cost": "5",
            "mutually_exclusive": "None"
        },
        "ARG_industrial_expansion": {
            "id": "ARG_industrial_expansion",
            "prerequisite": "ARG_banco_central_de_la_republica_argentina",
            "cost": "10",
            "mutually_exclusive": "None"
        },
        "ARG_production_initiative": {
            "id": "ARG_production_initiative",
            "prerequisite": "ARG_banco_central_de_la_republica_argentina",
            "cost": "10",
            "mutually_exclusive": "None"
        },
        "ARG_economic_tax_reforms": {
            "id": "ARG_economic_tax_reforms",
            "prerequisite": "ARG_banco_central_de_la_republica_argentina",
            "cost": "5",
            "mutually_exclusive": "None"
        },
        "ARG_economic_reactivation_act": {
            "id": "ARG_economic_reactivation_act",
            "prerequisite": "ARG_banco_central_de_la_republica_argentina",
            "cost": "5",
            "mutually_exclusive": "None"
        },
        "ARG_immigration_wave": {
            "id": "ARG_immigration_wave",
            "prerequisite": "ARG_economic_reactivation_act",
            "cost": "10",
            "mutually_exclusive": "None"
        },
        "ARG_develop_civilian_economy": {
            "id": "ARG_develop_civilian_economy",
            "prerequisite": "ARG_immigration_wave",
            "cost": "10",
            "mutually_exclusive": "None"
        },
        "ARG_the_argentinian_metropole": {
            "id": "ARG_the_argentinian_metropole",
            "prerequisite": "ARG_develop_civilian_economy",
            "cost": "10",
            "mutually_exclusive": "None"
        },
        "ARG_invest_in_the_roads": {
            "id": "ARG_invest_in_the_roads",
            "prerequisite": "ARG_economic_tax_reforms",
            "cost": "5",
            "mutually_exclusive": "None"
        },
        "ARG_invest_in_the_railways": {
            "id": "ARG_invest_in_the_railways",
            "prerequisite": "ARG_economic_tax_reforms",
            "cost": "5",
            "mutually_exclusive": "None"
        },
        "ARG_expand_steel_extraction": {
            "id": "ARG_expand_steel_extraction",
            "prerequisite": [
                "ARG_invest_in_the_roads",
                "ARG_invest_in_the_railways"
            ],
            "cost": "10",
            "mutually_exclusive": "None"
        },
        "ARG_expand_aluminum_extraction": {
            "id": "ARG_expand_aluminum_extraction",
            "prerequisite": [
                "ARG_invest_in_the_railways",
                "ARG_invest_in_the_roads"
            ],
            "cost": "10",
            "mutually_exclusive": "None"
        },
        "ARG_yacimientos_petroliferos_fiscales": {
            "id": "ARG_yacimientos_petroliferos_fiscales",
            "prerequisite": [
                "ARG_expand_aluminum_extraction",
                "ARG_expand_steel_extraction"
            ],
            "cost": "10",
            "mutually_exclusive": "None"
        },
        "ARG_rapid_urbanization": {
            "id": "ARG_rapid_urbanization",
            "prerequisite": "ARG_industrial_expansion",
            "cost": "10",
            "mutually_exclusive": "None"
        },
        "ARG_agricultural_improvements": {
            "id": "ARG_agricultural_improvements",
            "prerequisite": "ARG_industrial_expansion",
            "cost": "10",
            "mutually_exclusive": "None"
        },
        "ARG_military_production_lines": {
            "id": "ARG_military_production_lines",
            "prerequisite": [
                "ARG_rapid_urbanization",
                "ARG_agricultural_improvements"
            ],
            "cost": "10",
            "mutually_exclusive": "None"
        },
        "ARG_capitalize_the_beef_industry": {
            "id": "ARG_capitalize_the_beef_industry",
            "prerequisite": [
                "ARG_agricultural_improvements",
                "ARG_rapid_urbanization"
            ],
            "cost": "5",
            "mutually_exclusive": "None"
        },
        "ARG_revisit_the_roca_runciman_treaty": {
            "id": "ARG_revisit_the_roca_runciman_treaty",
            "prerequisite": [
                "ARG_capitalize_the_beef_industry",
                "ARG_military_production_lines"
            ],
            "cost": "10",
            "mutually_exclusive": "ARG_a_new_trading_partner"
        },
        "ARG_a_new_trading_partner": {
            "id": "ARG_a_new_trading_partner",
            "prerequisite": [
                "ARG_capitalize_the_beef_industry",
                "ARG_military_production_lines"
            ],
            "cost": "10",
            "mutually_exclusive": "ARG_revisit_the_roca_runciman_treaty"
        },
        "ARG_develop_the_electricity_sector": {
            "id": "ARG_develop_the_electricity_sector",
            "prerequisite": "ARG_production_initiative",
            "cost": "5",
            "mutually_exclusive": "None"
        },
        "ARG_invest_in_construction_guilds": {
            "id": "ARG_invest_in_construction_guilds",
            "prerequisite": "ARG_develop_the_electricity_sector",
            "cost": "5",
            "mutually_exclusive": "None"
        },
        "ARG_technical_schools": {
            "id": "ARG_technical_schools",
            "prerequisite": "ARG_invest_in_construction_guilds",
            "cost": "10",
            "mutually_exclusive": "None"
        }
    },
    "AST": {
        "AST_additional_militia_training": {
            "id": "AST_additional_militia_training",
            "cost": "10",
            "prerequisite": "None",
            "mutually_exclusive": "None"
        },
        "AST_royal_australian_artillery": {
            "id": "AST_royal_australian_artillery",
            "prerequisite": "AST_additional_militia_training",
            "cost": "10",
            "mutually_exclusive": "None"
        },
        "AST_promote_reservists": {
            "id": "AST_promote_reservists",
            "prerequisite": "AST_additional_militia_training",
            "cost": "10",
            "mutually_exclusive": "None"
        },
        "AST_daimler_dingo": {
            "id": "AST_daimler_dingo",
            "prerequisite": "AST_royal_australian_artillery",
            "cost": "10",
            "mutually_exclusive": "None"
        },
        "AST_hmas_assault": {
            "id": "AST_hmas_assault",
            "prerequisite": [
                "AST_royal_australian_artillery",
                "AST_promote_reservists"
            ],
            "cost": "10",
            "mutually_exclusive": "None"
        },
        "AST_specialize_equipment": {
            "id": "AST_specialize_equipment",
            "prerequisite": "AST_promote_reservists",
            "cost": "10",
            "mutually_exclusive": "None"
        },
        "AST_australian_womens_army_service": {
            "id": "AST_australian_womens_army_service",
            "prerequisite": "AST_hmas_assault",
            "cost": "10",
            "mutually_exclusive": "None"
        },
        "AST_australian_army_catering_corps": {
            "id": "AST_australian_army_catering_corps",
            "prerequisite": "AST_hmas_assault",
            "cost": "10",
            "mutually_exclusive": "None"
        },
        "AST_fund_owen_gun_research": {
            "id": "AST_fund_owen_gun_research",
            "prerequisite": "AST_hmas_assault",
            "cost": "10",
            "mutually_exclusive": "None"
        },
        "AST_sentinel_tank_project": {
            "id": "AST_sentinel_tank_project",
            "prerequisite": "AST_daimler_dingo",
            "cost": "10",
            "mutually_exclusive": "None"
        },
        "AST_airborne_defence": {
            "id": "AST_airborne_defence",
            "prerequisite": "AST_volunteer_air_observers_corps",
            "cost": "10",
            "mutually_exclusive": "None"
        },
        "AST_introduce_unconventional_warfare": {
            "id": "AST_introduce_unconventional_warfare",
            "prerequisite": [
                "AST_sentinel_tank_project",
                "AST_airborne_defence"
            ],
            "cost": "10",
            "mutually_exclusive": "None"
        },
        "AST_z_special_unit": {
            "id": "AST_z_special_unit",
            "prerequisite": "AST_introduce_unconventional_warfare",
            "cost": "10",
            "mutually_exclusive": "None"
        },
        "AST_m_special_unit": {
            "id": "AST_m_special_unit",
            "prerequisite": "AST_introduce_unconventional_warfare",
            "cost": "10",
            "mutually_exclusive": "None"
        },
        "AST_central_bureau": {
            "id": "AST_central_bureau",
            "prerequisite": "AST_introduce_unconventional_warfare",
            "cost": "10",
            "mutually_exclusive": "None"
        },
        "AST_expand_the_raaf": {
            "id": "AST_expand_the_raaf",
            "cost": "10",
            "prerequisite": "None",
            "mutually_exclusive": "None"
        },
        "AST_cac_boomerang": {
            "id": "AST_cac_boomerang",
            "prerequisite": "AST_expand_the_raaf",
            "cost": "10",
            "mutually_exclusive": "None"
        },
        "AST_expand_northern_presence": {
            "id": "AST_expand_northern_presence",
            "prerequisite": "AST_expand_the_raaf",
            "cost": "10",
            "mutually_exclusive": "None"
        },
        "AST_cac_woomera": {
            "id": "AST_cac_woomera",
            "prerequisite": "AST_expand_the_raaf",
            "cost": "10",
            "mutually_exclusive": "None"
        },
        "AST_volunteer_air_observers_corps": {
            "id": "AST_volunteer_air_observers_corps",
            "prerequisite": [
                "AST_cac_boomerang",
                "AST_expand_northern_presence"
            ],
            "cost": "10",
            "mutually_exclusive": "None"
        },
        "AST_naval_bombers": {
            "id": "AST_naval_bombers",
            "prerequisite": "AST_cac_woomera",
            "cost": "10",
            "mutually_exclusive": "None"
        },
        "AST_death_from_down_under": {
            "id": "AST_death_from_down_under",
            "prerequisite": "AST_volunteer_air_observers_corps",
            "cost": "10",
            "mutually_exclusive": "None"
        },
        "AST_womens_auxilliary_australian_air_force": {
            "id": "AST_womens_auxilliary_australian_air_force",
            "prerequisite": [
                "AST_volunteer_air_observers_corps",
                "AST_naval_bombers"
            ],
            "cost": "10",
            "mutually_exclusive": "None"
        },
        "AST_dominate_the_skies": {
            "id": "AST_dominate_the_skies",
            "prerequisite": "AST_womens_auxilliary_australian_air_force",
            "cost": "10",
            "mutually_exclusive": "None"
        },
        "AST_cockatoo_island_shipyards": {
            "id": "AST_cockatoo_island_shipyards",
            "cost": "5",
            "prerequisite": "None",
            "mutually_exclusive": "None"
        },
        "AST_kangaroo_point_shipyards": {
            "id": "AST_kangaroo_point_shipyards",
            "cost": "5",
            "prerequisite": "None",
            "mutually_exclusive": "None"
        },
        "AST_protect_overseas_commerce": {
            "id": "AST_protect_overseas_commerce",
            "prerequisite": [
                "AST_cockatoo_island_shipyards",
                "AST_kangaroo_point_shipyards"
            ],
            "mutually_exclusive": "AST_fly_the_jolly_roger",
            "cost": "10"
        },
        "AST_fly_the_jolly_roger": {
            "id": "AST_fly_the_jolly_roger",
            "prerequisite": [
                "AST_cockatoo_island_shipyards",
                "AST_kangaroo_point_shipyards"
            ],
            "mutually_exclusive": "AST_protect_overseas_commerce",
            "cost": "10"
        },
        "AST_scrap_iron_flotilla": {
            "id": "AST_scrap_iron_flotilla",
            "prerequisite": [
                "AST_protect_overseas_commerce",
                "AST_fly_the_jolly_roger"
            ],
            "cost": "10",
            "mutually_exclusive": "None"
        },
        "AST_royal_australian_submarine_service": {
            "id": "AST_royal_australian_submarine_service",
            "prerequisite": [
                "AST_protect_overseas_commerce",
                "AST_fly_the_jolly_roger"
            ],
            "cost": "10",
            "mutually_exclusive": "None"
        },
        "AST_naval_auxiliary_patrol": {
            "id": "AST_naval_auxiliary_patrol",
            "prerequisite": [
                "AST_royal_australian_submarine_service",
                "AST_scrap_iron_flotilla"
            ],
            "cost": "10",
            "mutually_exclusive": "None"
        },
        "AST_cruisers": {
            "id": "AST_cruisers",
            "prerequisite": "AST_naval_auxiliary_patrol",
            "cost": "10",
            "mutually_exclusive": "None"
        },
        "AST_pacific_area_navy": {
            "id": "AST_pacific_area_navy",
            "prerequisite": "AST_naval_auxiliary_patrol",
            "cost": "10",
            "mutually_exclusive": "None"
        },
        "AST_standard_gauge_railway": {
            "id": "AST_standard_gauge_railway",
            "cost": "10",
            "prerequisite": "None",
            "mutually_exclusive": "None"
        },
        "AST_industries_assistance_corporation": {
            "id": "AST_industries_assistance_corporation",
            "cost": "10",
            "prerequisite": "None",
            "mutually_exclusive": "None"
        },
        "AST_western_australian_government_railways": {
            "id": "AST_western_australian_government_railways",
            "prerequisite": "AST_industries_assistance_corporation",
            "cost": "10",
            "mutually_exclusive": "None"
        },
        "AST_south_australian_housing_trust": {
            "id": "AST_south_australian_housing_trust",
            "prerequisite": "AST_western_australian_government_railways",
            "cost": "10",
            "mutually_exclusive": "None"
        },
        "AST_department_of_supply_and_development": {
            "id": "AST_department_of_supply_and_development",
            "prerequisite": "AST_western_australian_government_railways",
            "cost": "10",
            "mutually_exclusive": "None"
        },
        "AST_expand_lithgow_small_arms_factory": {
            "id": "AST_expand_lithgow_small_arms_factory",
            "prerequisite": "AST_south_australian_housing_trust",
            "cost": "10",
            "mutually_exclusive": "None"
        },
        "AST_allied_works_council": {
            "id": "AST_allied_works_council",
            "prerequisite": "AST_civil_construction_corps",
            "cost": "10",
            "mutually_exclusive": "None"
        },
        "AST_expand_the_northern_railway": {
            "id": "AST_expand_the_northern_railway",
            "prerequisite": "AST_expand_lithgow_small_arms_factory",
            "cost": "10",
            "mutually_exclusive": "None"
        },
        "AST_australian_arms_production": {
            "id": "AST_australian_arms_production",
            "prerequisite": "AST_allied_works_council",
            "cost": "10",
            "mutually_exclusive": "None"
        },
        "AST_uranium_mining": {
            "id": "AST_uranium_mining",
            "prerequisite": "AST_australian_arms_production",
            "cost": "10",
            "mutually_exclusive": "None"
        },
        "AST_establish_advisory_war_council": {
            "id": "AST_establish_advisory_war_council",
            "cost": "10",
            "prerequisite": "None",
            "mutually_exclusive": "None"
        },
        "AST_national_security_act": {
            "id": "AST_national_security_act",
            "prerequisite": "AST_establish_advisory_war_council",
            "cost": "10",
            "mutually_exclusive": "None"
        },
        "AST_volunteer_defence_corps": {
            "id": "AST_volunteer_defence_corps",
            "prerequisite": "AST_establish_advisory_war_council",
            "cost": "10",
            "mutually_exclusive": "None"
        },
        "AST_civil_construction_corps": {
            "id": "AST_civil_construction_corps",
            "prerequisite": "AST_national_security_act",
            "cost": "10",
            "mutually_exclusive": "None"
        },
        "AST_army_inventions_directorate": {
            "id": "AST_army_inventions_directorate",
            "prerequisite": "AST_national_security_act",
            "cost": "10",
            "mutually_exclusive": "None"
        },
        "AST_invest_in_victory": {
            "id": "AST_invest_in_victory",
            "prerequisite": "AST_national_security_act",
            "cost": "10",
            "mutually_exclusive": "None"
        },
        "AST_citizen_military_forces": {
            "id": "AST_citizen_military_forces",
            "prerequisite": "AST_volunteer_defence_corps",
            "cost": "10",
            "mutually_exclusive": "None"
        },
        "AST_rats_of_tobruk": {
            "id": "AST_rats_of_tobruk",
            "prerequisite": "AST_strengthen_ties_with_uk",
            "cost": "10",
            "mutually_exclusive": "None"
        },
        "AST_fight_work_or_perish": {
            "id": "AST_fight_work_or_perish",
            "prerequisite": "AST_squash_the_squanderbugs",
            "cost": "10",
            "mutually_exclusive": "None"
        },
        "AST_research_collaboration": {
            "id": "AST_research_collaboration",
            "prerequisite": "AST_australian_arms_production",
            "cost": "10",
            "mutually_exclusive": "None"
        },
        "AST_squash_the_squanderbugs": {
            "id": "AST_squash_the_squanderbugs",
            "prerequisite": "AST_invest_in_victory",
            "cost": "10",
            "mutually_exclusive": "None"
        },
        "AST_rationing_and_recycling": {
            "id": "AST_rationing_and_recycling",
            "prerequisite": 